comp_name,href,memberid,price,pro_name
石狮市背背兔服装有限公司,https://rabits.1688.com,b2b-2352472661,¥150.00,亲子装秋冬装2018三件套加绒加厚纯棉套装一件代发校服团购
润州区灰达石贸易商行,https://shop99u671762n976.1688.com,b2b-2201230119998819d7,¥154.70,馒头家童装女童风衣洋气春装2019新款韩版外套儿童洋气中长款大衣
深圳市南山区澳澜千色贸易商行,https://shop7337144uz81n0.1688.com,b2b-4220721862de54f,¥154.79,胖男童套装春秋装2018新款大童卫衣运动服10加肥加大码12男孩15岁
深圳市南山区浩福益贸易商行,https://ylrshop.1688.com,b2b-220059140078649f27,¥155.00,胖男童套装春秋装2018新款大童卫衣运动服10加肥加大码12男孩15岁
即墨区林巧芳服饰加工厂,https://linqiaofang.1688.com,linqiaofang,¥155.00,2018冬季新款加厚冠家母子套装 韩版时尚休闲运动套装一件代发
西安市未央区奥利安百货经营部,https://shop8212y2j7x6443.1688.com,b2b-2201255954380cae1b,¥156.25,19春款中大棒球女童儿童服 男中长中性双层外套如图衣
莆田市城厢区心格日用百货店,https://shop3sr7770m16121.1688.com,b2b-2200754501298d4e5c,¥157.25,亲子装秋装2018新款潮韩版母子全家装一家三口装姐弟装秋卫衣套装
昆山市玉山镇波拉迪百货商行,https://shop992481py11556.1688.com,b2b-220105496496350479,¥157.93,卫衣女韩版休闲运动服两件套女秋冬款时尚丝绒加绒休闲运动套装
仙游县鲤城君晟日用百货店,https://shop99q0397786593.1688.com,b2b-2200738536277d90be,¥158.68,男童套装两件套春秋装2018中大童10秋季男孩12外套15岁韩版潮
广州市华创服饰有限公司,https://shop46781503o5683.1688.com,b2b-391291929462416,¥159.00,2018新款潮亲子装秋时尚全家装母女装家庭装韩版女童夏季套装男童
莆田市秀屿区笏石开龙日用百货店,https://shop0116792d925n4.1688.com,b2b-2200753761807deee5,¥171.15,卫衣女韩版休闲运动服两件套女秋冬款时尚丝绒加绒休闲运动套装
润州区灰苏法贸易商行,https://shop9mb96424n5065.1688.com,b2b-2201233884801d5c3d,¥173.75,上衣宽松童装2019春季新款女童中大童B类休闲长袖亲子装潮
丹阳市云阳镇依唯亚百货店,https://shop3z730499js840.1688.com,b2b-22007778693229e08e,¥175.84,天迈童装男女童外套秋装新款儿童冬季冲锋衣三合一中大童上衣
深圳市龙岗区锦珍基贸易商行,https://shop75h7926l9n255.1688.com,b2b-220074025058369c39,¥192.69,2018秋冬新款韩版收腰气质连帽中长款冬天加厚呢子大衣
无锡润洁针织制衣厂,https://wxrjzz.1688.com,b2b-39634741250f799,¥198.00,户外亲子装时尚登山外套抓绒加厚亲子款上衣休闲拉链套头衫
润州区坤合浩贸易商行,https://shop41f1197f88306.1688.com,b2b-22011973613954f1c4,¥214.50,亲子装呢子大衣洋气春秋装2019新款韩版男女儿童宝宝外套短款潮
烟台未来星服饰有限责任公司,https://shop1488870698967.1688.com,b2b-31828011820feb7,¥225.00,打包15件，随机配货225元一包
赵县鹊喜桥百货店,https://shop11h19450y14g4.1688.com,b2b-220121098941522a23,¥250.80,2019春季新品儿童户外冲锋衣女童男童中大童登山防风外套
桐乡市崇福娑娜服饰商行,https://shop9y7539411f5p6.1688.com,b2b-2200738594899dbbb3,¥287.00,迪乐町夏装上衣女4050岁2019新款大码冰丝短袖t恤中老年人女装
骄煜服饰实业（佛山）有限公司,https://shop1491389613183.1688.com,b2b-3230992142090fb,¥1000.00,来样定制不退不换先确定样品和质量
即墨市乐乐童品服装厂,https://shop1493052727567.1688.com,b2b-325256787351a07,¥9999.00,采源宝二维码，下载采源宝APP扫描直达店铺。
湖州织里起源制衣厂,https://qiyuanbaby.1688.com,b2b-3538429137725c8,¥9999.00,湖州织里起源制衣厂二维码，手机直播微商下单快速工具
湖州煜辰服饰有限公司,https://shop2y0778y131589.1688.com,b2b-2200591636558a46bf,¥150.00,女童春秋款韩版长袖卫衣套装宝宝纯棉字母印花休闲运动两件套批发
吴兴织里梵猫童装商行,https://shop451z646z00968.1688.com,b2b-335621100424315,¥150.00,18年冬童装男宝宝加绒印花卫衣加厚春节年货款19猪年喜庆文字卫衣
上海始方服装有限公司,https://shop39z3nn4856008.1688.com,b2b-407241011468e14,¥150.00,2018冬季新款 休闲运动儿童连帽卫衣棉马甲两件套保暖172N#
佛山市禅城区鸿鸿峰制衣厂,https://shop1466702280596.1688.com,b2b-2921956983ab8e4,¥150.00,2019冬季童装新款韩版套装时尚女童撞色卫衣三件套中大童女孩衣服
鹿邑县秀春服装店,https://shop4058e7738m336.1688.com,b2b-2201204041807910ed,¥150.40,童装2019春季新款男童套装韩版男童拼色连帽卫衣休闲裤两件套套装
深圳市宝安区燕罗爱有家家居商行,https://shop42707u0a564m7.1688.com,b2b-4185790453e7f5d,¥150.75,女童金丝绒套装秋冬新款2018韩版洋气儿童加厚加绒马甲卫衣三件套
莆田市蓝鹏贸易有限公司,https://shop8n271g3130384.1688.com,b2b-220060089509296bb9,¥151.20,童装冬男宝宝长袖卫衣套装女童两件套婴幼童圆领加绒加厚一件代发
莆田市荔城区木星鞋服商行,https://shop1141459842369.1688.com,b2b-2200600697836bb1ce,¥151.20,童装冬男宝宝长袖卫衣套装女童两件套婴幼童圆领加绒加厚一件代发
湖州蔚美服饰有限公司,https://shop8062ek04390w5.1688.com,b2b-340965433655050,¥152.00,2019新款女童春款套装卫衣蕾丝蛋糕裙套装甜美一件代发
杭州江干朱晨服饰有限公司,https://zjhzcongge.1688.com,zjhzcongge,¥152.00,儿童卫衣春 夏季可爱数字纯色女童上衣 男童长袖不连帽宝宝卫衣
深圳市龙岗区永兴梦琪百货商行,https://szyxmq.1688.com,b2b-42116367436946e,¥152.00,宝宝秋冬装套装男童婴儿童装0加绒1加厚2-3岁女儿童卫衣三件套潮
深圳市宝安区西乡美与宣商贸商行,https://shop502j12376iu58.1688.com,b2b-4199455196360ef,¥152.69,2女宝宝3婴儿4冬装0衣服5幼儿6卫衣三件套7冬季9套装1岁半10个月8
南通麦豆贸易有限公司,https://shop4s67698b6b200.1688.com,b2b-3944411130fcf3e,¥153.00,秋季2018年新款女童秋款卫衣时尚甜美圆圈卫衣厂家直销批发
阜城县聚丰百货经销处,https://shop755g926449972.1688.com,b2b-22006112306797f727,¥153.01,韩版童装女童装2019春装新款印花长袖卫衣蛋糕裙半身纱裙2件套装
常山县尚优酷服装商行,https://shop4190919x53418.1688.com,b2b-2200719699145ce538,¥154.70,女童秋冬装套装2018新款潮童装加绒加厚卫衣洋气中大儿童三件套装
润州区举之史百货商行,https://shop86x2194dz1937.1688.com,b2b-2200774364431f5824,¥154.85,男童套装春款帅气童装卫衣运动三件套潮中大童男孩儿2018新款韩版
厦门恒帛商贸有限公司,https://shop711u6nu671896.1688.com,b2b-4286823704e5c05,¥154.96,女童套装冬装2018新款韩版洋气儿童中大童加绒加厚卫衣马甲三件套
沭阳县潼阳镇王朝平百货销售中心,https://shop9555132024w13.1688.com,b2b-2200737895163a2a6a,¥155.00,运动套装13男孩大童男装12加肥大码春装衣服10男童加大卫衣15岁胖
广州市天河区员村韩靓正护肤品经营部,https://goldengaga.1688.com,b2b-2476469738,¥155.00,GAGA批发 南大门童装代购 春装小清新女大童印花圆领休闲卫衣
昆山市玉山镇仕慧莱百货商行,https://shop3372331w37004.1688.com,b2b-2200741539470e1ba4,¥155.35,新款女童春装2019童装韩版12中大童洋气卫衣时髦三件套潮15岁套装
昆山市玉山镇宇章灵百货商行,https://shop7m24m0802k377.1688.com,b2b-2200858977757f534c,¥155.90,马克珍妮运动童装男童儿童春装套装婴儿宝宝卫衣套装17856
莆田市荔城区心情驿站鞋服商行,https://shop5k67599yx1730.1688.com,b2b-220060091625973ef5,¥156.00,童装儿童套装男童秋装2019春款中大童衣服男两件套卫衣薄
莆田市湄洲湾北岸经济开发区东埔迪卡服饰商行,https://shop54p4l10337251.1688.com,b2b-2200788106396bf938,¥156.00,女童加绒加厚卫衣三件套2018秋冬新款中童女孩洋气儿童保暖套装潮
义乌市比颂电子商务有限公司,https://shop358r027k81878.1688.com,b2b-22005867103252982f,¥156.00,童装女童套装冬装2018新款儿童洋气卫衣加绒加厚运动两件套小女孩
苍南县灵溪镇小马星座服装店,https://shop1423673011766.1688.com,b2b-2313375764,¥156.00,韩国 进口童装批发 2019年春中小童长袖彩色薄款卫衣打底T恤0126
杭州新嘉境贸易有限公司,https://puduoyi.1688.com,tangjianfang88,¥156.00,男童冬装三件套奕时代胖儿童宽松加厚保暖中大童卫衣套装加绒连帽
深圳市龙华区旺发智宝母婴用品商行,https://shop95z77928737e9.1688.com,b2b-3956890779c13c5,¥156.00,2018新款韩版童装女童秋装中大童春秋款卫衣运动兔子三件套时尚潮
青岛雨丰纺织品有限公司,https://shop379487456iv06.1688.com,b2b-418447314162daa,¥158.00,2019春季新款上市男女童装套头休闲运动套装纯棉童装卫衣
即墨市优品织造服装厂,https://kidcolor.1688.com,b2b-3908982451700f6,¥158.00,18秋冬新款十字架潮牌儿童连帽卫衣套装童装三件套时尚欧美中大童
刘小雪,https://www.1688.com/company/detail/b2b-2793651043d1f1e.html?fromSite=company_site,b2b-2793651043d1f1e,¥158.00,童装女童运动套装儿童长袖卫衣两件套3-4-5-6岁一件代发
汤喆,https://www.1688.com/company/detail/b2b-27814955728a78e.html?fromSite=company_site,b2b-27814955728a78e,¥158.00,冬装加绒套装男童女童金丝绒两件套儿童宝宝保暖卫衣一件代发
汤景,https://www.1688.com/company/detail/b2b-293956655433b5e.html?fromSite=company_site,b2b-293956655433b5e,¥158.00,童装女童运动套装儿童长袖卫衣两件套3-4-5-6岁一件代发
汤景,https://www.1688.com/company/detail/b2b-2518468214.html?fromSite=company_site,b2b-2518468214,¥158.00,童装女童运动套装儿童长袖卫衣两件套3-4-5-6岁一件代发
刘雪飞,https://www.1688.com/company/detail/b2b-2850138627082b4.html?fromSite=company_site,b2b-2850138627082b4,¥158.00,男童套装儿童加绒卫衣两件套宝宝加厚冬装小孩衣一件代发
润州区贺之凤百货商行,https://shop345a739056tf0.1688.com,b2b-4249481399f8ee4,¥158.41,男童套装13男孩大童男装12加肥大码春装衣服10运动加大卫衣15岁胖
润州区语之问百货商行,https://shop3y4z894850417.1688.com,b2b-2200551552070df937,¥158.41,男童套装13男孩大童男装12加肥大码春装衣服10运动加大卫衣15岁胖
润州区状之永百货商行,https://shop662175810f901.1688.com,b2b-429204777219b60,¥158.60,大童春秋装套装男童12-15岁2019新款 儿童洋气卫衣运动潮衣两件套
青岛博洋服饰有限公司,https://qdboyangfs02.1688.com,qdboyangfs02,¥159.00,2019春款童装 儿童卫衣纯棉 男女童圆领长袖拼色休闲卫衣
深圳市南山区久巨乐贸易商行,https://shop789g8g03018q8.1688.com,b2b-2200722377133181a4,¥159.07,女童0女宝宝小童洋气冬装2儿童衣服冬季加绒加厚卫衣1三件套装3岁
仙游县枫亭鑫泉百货店,https://shop24560bo4142p6.1688.com,b2b-22007323272273ef81,¥159.40,小男童2018新款冬装加绒套装0-1-2到3岁小男孩冬天宝宝加厚卫衣潮
深圳市光明区季节风百货商行,https://shop6o1r3960m1598.1688.com,b2b-42172545370950c,¥159.76,1春装2男童3卫衣裤子三件套装6儿童装5春秋季小男孩衣服4岁春天潮
南浔植棉服装店,https://shop02550yv141b18.1688.com,b2b-3999536963eef1b,¥160.00,2019年春季新款男童二件套中大童休闲套装时尚潮范卫衣两件套批发
广州旭春贸易有限公司,https://shop577hj97168i32.1688.com,b2b-42095100796a4df,¥160.00,看东方自主牌秋冬连帽卫衣男童女童外套纯色套头长袖上衣高端定制
润州区享之乐百货商行,https://shop8289t858d3431.1688.com,b2b-220072638163998829,¥160.08,马克珍妮春装童装男女童儿童运动套装婴儿宝宝卫衣套装82192A
沭阳县庙头镇丰享百货销售中心,https://shop7o144752d5132.1688.com,b2b-2200734253202f41f9,¥160.52,【小怪兽定制款】马克珍妮宝宝春装儿童男童卫衣套装71258
润州区坚之礼百货商行,https://shop4m8020m0582k1.1688.com,b2b-2200774161573a361e,¥161.65,女童牛仔春装短款小学生卫衣女孩套装儿童女装中大童外套2019新款
泉州梵慕帛电子商务有限公司,https://shop4665307c52537.1688.com,b2b-4276371399700e9,¥163.67,童装女童冬装三件套2018新款中大童冬款儿童运动加绒加厚卫衣套
丹阳市开发区迈翰新百货商行,https://shop0161t85tt9665.1688.com,b2b-220078258136173efc,¥165.00,77哈噜家+亲子Whistle&Flute17秋冬儿童卫衣加薄绒现货款
双流好优多百货经营部,https://slhydbh.1688.com,b2b-2200771679391751bc,¥167.58,女童冬装套装2018新款洋气冬季加绒卫衣三件套男童宝宝加厚衣服潮
周口汤瑾电子商务有限公司,https://imopin.1688.com,b2b-41376276747f62c,¥168.00,套装1-2-3-4岁婴儿童春秋季女宝宝全棉运动卫衣两件套一件代发
广州欧若贝拉服饰贸易有限公司,https://shop515710664b788.1688.com,b2b-394183366548149,¥168.00,现货2018春季新款儿童运动套装彩虹小马卫衣 长裤欧美休闲亲子装
刘雪飞,https://www.1688.com/company/detail/b2b-2836104360fe79f.html?fromSite=company_site,b2b-2836104360fe79f,¥168.00,女童卫衣长袖T恤韩版儿童圆领打底衫女孩套头衫一件代发
丹阳市开发区新金铂百货商行,https://shop95872e0f18486.1688.com,b2b-2200790566800b983d,¥168.20,2019春款小男童春装卫衣两件套装婴儿童装运动男孩洋气春秋儿宝宝
润州区松之敏百货商行,https://shop5615x6s11u884.1688.com,b2b-220072564539681fa9,¥168.20,2019新款儿童装女童春装卫衣女宝宝婴儿春秋款运动洋气时尚套装潮
深圳市龙华区瑞益佳贸易商行,https://shop28k2906534344.1688.com,b2b-2200577656383eef5a,¥168.60,2019冬季童装女童加绒外套加厚双层羊羔亲子装母女装连帽卫衣休闲
深圳市宝安区沙井梦富购物广场,https://mengj88.1688.com,b2b-2037784066,¥168.86,KKKNOW跨境热销童装新款春韩版男童连帽卫衣套装中大童迷彩童套装
莆田市秀屿区笏石开龙日用百货店,https://shop1av1443844062.1688.com,b2b-22007494859801c01e,¥168.88,3儿童4男童秋冬天5加厚小孩衣服6加绒8金丝绒10卫衣7三件套装12岁
中山市崇善者贸易有限公司,https://shop5c27v6x649491.1688.com,b2b-220078238496567fbb,¥169.00,厂家定做童装 C&Z潮牌时尚男童女童T恤 卫衣 连衣裙
仙游县鲤南淳淳百货店,https://shop947082w66t5q5.1688.com,b2b-2200740088090eec48,¥170.00,加绒加厚女童外套中长款中大童洋气风衣卫衣12秋冬装15岁新款2018
仙游县枫亭旭怀百货店,https://shop0065d0r673233.1688.com,b2b-220073310271698b2c,¥170.00,18纯棉男女童金丝绒保暖套装中小童加绒加厚法莱绒卫衣新款两件套
温州小火车服饰有限公司,https://wzxhc2.1688.com,b2b-1777292209,¥888.00,童装女宝宝2019夏装长袖ins女童连帽卫衣宽松洋气儿童套头上衣
永嘉县江北街道微萌童装店,https://wmtz2016.1688.com,b2b-2873574905ff0ec,¥888.00,男童2019新款春款儿童卫衣 宽松全棉长袖卫衣韩版时尚打底衫M8007
温州市鹿城区广化姚小云服装店,https://shop0488129d5d3u0.1688.com,b2b-3786040665b7c6b,¥888.00,2019年春潮款豹纹卫衣韩版女童时尚圆领套头上衣长袖宽松一件代发
乐清市柳市牛牛爱童装厂,https://233665542.1688.com,b2b-4065972333c1d4e,¥888.00,童装男童秋装套装2018新款儿童冬装洋气金丝绒卫衣秋冬季韩版潮衣
温州市龙湾状元金丝猫童装厂,https://jsmtzc.1688.com,b2b-28203712534b2be,¥888.00,2019年春季潮款豹纹卫衣韩版女童时尚圆领套头上衣长袖宽松W6102Q
青岛正兴集团有限公司,https://zicikids.1688.com,b2b-2861855958948d3,¥999.00,19春季新款韩版童装 纯棉字母印花拼色拼袖打底T恤上衣卫衣-
深圳嘉禾服装有限公司,https://shop1407258185480.1688.com,b2b-2198028013,¥999.00,【嘉禾·2016秋冬新款】男童 女童 卫衣套装  圣诞节专款红色
莆田市荔城区诚尚贸易有限公司,https://shop97692q92246h2.1688.com,b2b-22007866685801c562,¥150.00,儿童加绒套装 冬季新款男女童加绒加厚字母印花连帽卫衣两件套
龙口市东莱俊芬电子商务服务中心,https://shop744648od1t354.1688.com,b2b-2200554757957880c3,¥151.30,儿童运动套装2019春款男童装纯棉帆船卫衣+运动裤中大童休闲2件套
深圳市南山区富盈鑫百货商行,https://shop33p94350q6q53.1688.com,b2b-4053239684ecb0a,¥151.68,男宝宝冬装小童加厚加绒棉衣卫衣三件套装男孩子1-2-3-4周岁衣服
诸暨市隆烁百货商行,https://shop6u40354415u93.1688.com,b2b-2200725823344c5394,¥152.01,韩版童装韩国女童装中大童春季卫衣蛋糕裙纱裙儿童韩版两件套装
海阳市能泡电子商务服务部,https://shop199x95z8748x3.1688.com,b2b-2200601737325ce401,¥152.66,宝宝加绒加厚卫衣三件套装婴儿童装秋冬季男童小童棉衣服外套冬装
临漳县南东坊镇改娣家电网店,https://shop346h4665hh209.1688.com,b2b-22012272357952ca11,¥154.50,预 春季中小童套装儿童连帽拉链外套+卫裤两件套运动装男女童卫衣
丹阳市开发区聚安弘百货店,https://shop4212887q695z7.1688.com,b2b-220072684786994371,¥154.62,男童春装套装2019新款小童帅气韩版潮宝宝洋气三件套儿童童装牛仔
丽水市巨运来贸易商行,https://shop8n44290096625.1688.com,b2b-2200803154392d5ebe,¥156.18,『卡拉唐猫』韩国oversize装春亲子风ins范oversize海湾色调卫衣2
深圳市光明区瑞聚祥贸易商行,https://shop9462314471474.1688.com,b2b-42458438790c4ea,¥156.61,女童秋季新款童装韩版潮女洋气套装中大童时尚长袖两件套时髦卫衣
台州市丫噜丫噜电子商务有限公司,https://shop236726587c825.1688.com,b2b-41748871900ff47,¥158.00,开心农庄2018冬季新款女大童卫衣金丝绒加厚三件套150-160码8.1
沭阳县庙头镇台丰百货销售中心,https://shop62417o0q86q97.1688.com,b2b-2200737467250777f6,¥158.88,小溪家休闲春秋运动服跑步套头衫显瘦宽松连帽卫衣健身长袖
润州区宾之怀百货商行,https://shop51p6026863p65.1688.com,b2b-22007260327122795b,¥159.00,一家装春装亲子三口连帽卫衣2019新款卡通印花全家装潮
广州尚北服饰有限公司,https://haveababy.1688.com,b2b-2000293816,¥160.00,园服班服秋冬加厚棉马甲加绒卫衣三件套亲子装秋冬运动套装
诸暨市菁淋贸易商行,https://shop78470263ed9b2.1688.com,b2b-2200658232965515dd,¥160.88,2017新款女童运动套装潮衣大童秋装12岁15小女孩10小学生春秋13
高新区越高凡百货商行,https://shop02e8454659895.1688.com,b2b-421608278174d8c,¥165.00,POPOPRUN 冬季新款三色运动跑步连帽套头卫衣收腰显瘦训练上衣女
高新区高嘉百货商行,https://shop63wq108f25153.1688.com,b2b-42357042119dbc7,¥165.00,POPOPRUN 冬季新款三色运动跑步连帽套头卫衣收腰显瘦训练上衣女
东台市溱东镇亨正茂日用品经营部,https://shop45248d3jp9074.1688.com,b2b-220060109359443447,¥166.40,休闲家春秋小溪运动服跑步套头衫显瘦宽松连帽卫衣健身长袖
丹阳市云阳镇文清记百货商行,https://shop721d9m076o951.1688.com,b2b-2200727147359ad8ab,¥166.40,2019运动童装秋款女童春款儿童中大童小孩衣服韩版新款卫衣套装45
泉州塞尔登电子商务有限公司,https://shop5154433k33171.1688.com,b2b-4276821907d160e,¥167.70,儿童装男童冬装套装2018新款金丝绒加绒加厚中大童衣服卫衣三件
润州区雾之过百货商行,https://shop943q8a7126989.1688.com,b2b-220077214596812bda,¥168.00,POPOPRUN 冬季新款三色运动跑步连帽套头卫衣收腰显瘦训练上衣女
润州区片之年百货商行,https://shop6131009f72806.1688.com,b2b-2200578676377d4613,¥168.00,POPOPRUN 冬季新款三色运动跑步连帽套头卫衣收腰显瘦训练上衣女
莆田市苏韵服饰有限公司,https://shop7a843p96609a0.1688.com,b2b-22012240615066286f,¥174.68,香港潮牌夏季新款青年套头卫衣男士圆领色休闲T恤韩版学生色七分
润州区温之群百货商行,https://shop414937102xi17.1688.com,b2b-22005782790882c5fd,¥179.00,梦绚尔水兵舞服迷彩套装女户外休闲卫衣外套裤子服装军迷服饰秋冬
博士屋（泉州）儿童用品有限公司,https://shop1376672431379.1688.com,b2b-1785673762,¥179.00,B.Duck小黄鸭童装2018秋冬新款儿童套装男女童套头卫衣裤子两件套
西安市未央区美海翔商贸店,https://shop34310hq1871d0.1688.com,b2b-2201209401980b69f6,¥179.40,过年亲子装春装新款潮全家装一家三口母女装卫衣运动三件套装
宁波市江东玛囡电子商务有限公司,https://manantz.1688.com,b2b-2979651584598c0,¥181.00,新款 韩版 短款夹克男童中大童黑色时尚
仙游县枫亭美河百货店,https://shop46328dt507199.1688.com,b2b-22007318899516cf35,¥181.40,优美儿童装男童2019新年加绒卫衣套装大红色喜庆猪年本命年大童装
润州区云之浩百货商行,https://shop186182no4n914.1688.com,b2b-2200725713869ce518,¥183.00,韩国三口新款冬季加绒加厚修身一家天鹅绒刺绣连帽卫衣运动套装
深圳市福田区昌盛源服饰商行,https://shop238x968v3z886.1688.com,b2b-2200716661995a652f,¥186.00,欧美潮牌2019外贸热卖新款连帽卫衣侃爷男女同款ASSC帽衫
深圳市光明新区冰麟城夏贸易商行,https://shop4oj209028u238.1688.com,b2b-415630985623e93,¥189.55,男童卫衣运动套装儿童2018时尚帅气两件套宝宝韩版春款洋气潮裤子
仙游县鲤南镇瑞胜服装店,https://shop54bw90437p973.1688.com,b2b-220058311158918bfd,¥192.60,儿童装秋冬装1岁半2到3周岁多4男孩女童男宝宝套装冬天厚棉衣服装
广平县黄石小超市,https://shop872083435m7s7.1688.com,b2b-2200850310499e527d,¥194.68,香港潮牌夏季新款青年套头卫衣男士圆领色休闲T恤韩版学生色七分
湖州织里诗意服饰有限公司,https://shop1393433965812.1688.com,b2b-1997850310,¥198.00,1-2-3岁2017女童卡通冬季加绒棉衣三件套6-12个月女宝宝加厚冬装
上海芊源服饰有限公司,https://shop3h78551jw5991.1688.com,b2b-220054890321454d89,¥199.00,papamama网红童装2019春季新品 品牌韩国童装批发
武汉鑫速格贸易有限责任公司,https://shop79v529794qs73.1688.com,b2b-3931057461d7a1a,¥200.00,亲子装冬装2018新款潮全家装加厚加绒一家三口卫衣套装母子母女冬
武汉市江汉区利晟源服装店,https://shop48337ha956h64.1688.com,b2b-407951307473790,¥200.00,亲子装冬装2018新款潮全家装加厚加绒一家三口卫衣套装母子母女冬
广州神电科技股份有限公司,https://shop1420562885989.1688.com,b2b-2394247513,¥200.00,2017新品发光加厚连帽卫衣七彩闪光加绒外套彩光休闲外套
宁波江北易寻服饰有限公司,https://shop4r5n5c0379730.1688.com,b2b-3653702822091db,¥221.00,男女中大童棉质打底衫长袖T恤
深圳市光明区欣吉茂电子商行,https://shop344045l997096.1688.com,b2b-2200532203443ff6c8,¥227.66,宝宝加厚套装婴儿韩版衣服男女童洋气卫衣运动裤小童冬装两件套
润州区丹之来百货商行,https://shop4586t11439sh1.1688.com,b2b-2200726433800f8f1f,¥241.00,"【大冯冯】卫衣亲子装!!祝您:“幸福拉小手,大手伴永久"""
武汉市硚口区靓衣坊红遍天服装商行,https://shop805151750.1688.com,b2b-27662954972ee9a,¥245.00,运动套装秋冬季加厚加绒女新款显瘦卫衣三件套双面金丝绒休闲套装
即墨市跳跳鱼童装厂,https://shop97074a86121h1.1688.com,b2b-39539715370a8e8,¥260.00,欧美外贸童装男女童蒙二口长款羽绒服一件代发羽绒服
王冬连,https://shop139y9756r6168.1688.com,b2b-39910593567ebd3,¥288.00,ss19 秋冬tb横条 潮牌卫衣套装 男女童套装
深圳市南山区利幸丰贸易商行,https://shop2u71160j36268.1688.com,b2b-220071815438139096,¥296.94,#全家装一家三口母女母子运动卫衣加绒家庭三件套装加厚装亲子装
即墨区荣深服饰厂,https://shop243t194165123.1688.com,b2b-418003124336336,¥335.00,潮秋冬韩版时尚可爱宝宝加拿大羽绒服保暖舒适男童女童外套防风
温州市鹿城区站前郑秀华服装店,https://shop1349802590152.1688.com,goldfish06,¥888.00,韩国童装2018冬装新品女童网红羊羔绒卫衣包臀裙两件套套装 DK361
温州市瓯海梧田出出鱼童装加工厂,https://chuchuyutz.1688.com,b2b-1984897417,¥888.00,厂家直批 2018女童冬季新款贴花蕾丝边拼接连帽卫衣长裤套装
温州市瓯海梧田星童依坊童装网店,https://shop1425660568097.1688.com,b2b-2453285185,¥888.00,2018女童秋装韩版新品装后背字母条杠假两件卫衣运动裤套装CK303
陈文学,https://shop1413218498043.1688.com,b2b-2258661144,¥999.00,夏季新品中小童T恤韩版卡通猪薄款短袖上衣男童半袖T恤KK41
即墨市童心润服装厂,https://shop1436893427258.1688.com,b2b-2576065336jg9m4,¥999.00,2019春季新款  男女童中大童纯棉流星字母卫衣长裤套装两件套
湖州小启城制衣有限公司,https://kaicity.1688.com,b2b-35905465180ef7d,¥9999.00,采源宝二维码
佛山市童梦童享服饰有限公司,https://fstmtx.1688.com,b2b-2524590046,¥9999.00,淘宝分销铺货即优惠卷
深圳市宝安区白云鸽童装折扣批发商行,https://shop07ma212442263.1688.com,b2b-40981252814f4d8,¥1.00万,19春款  品牌 【 优仔优妹】外套牛仔裤花纹卫衣折扣批
东台市溱东镇新吉如日用品经营部,https://shop9z0236a16a513.1688.com,b2b-22006013810811ba9c,¥170.60,2019春款小男童春装卫衣两件套装洋气宝宝运动男孩婴儿春秋儿童装
深圳市龙岗区诗奢富贸易商行,https://shop40qk40004l720.1688.com,b2b-2200744422836c3d25,¥170.97,男童双面绒套装加绒加厚秋冬款卫衣小中大童儿童保暖两件套男孩
莆田市秀屿区笏石开龙日用百货店,https://shop106359q1i5053.1688.com,b2b-2200798881345cef22,¥173.00,18纯棉男女童金丝绒保暖套装中小童加绒加厚法莱绒卫衣新款两件套
润州区程广大贸易商行,https://shop26w6387w96m51.1688.com,b2b-2200814343523c59b5,¥173.88,一岁女宝宝春装1女小童洋气红色套装2婴儿衣服4儿童春秋运动卫衣3
广州市宝同林贸易有限公司,https://shop7l741t458p290.1688.com,b2b-4210950071038b6,¥174.37,童装男童2019春季新款中大童棉质儿童运动连帽卫衣DV0821
嘉善花莲服装网店,https://shop45647kh521901.1688.com,b2b-3889491914bdcdd,¥175.00,儿童卫衣马卡龙套装4月初出货粉色蓝色一套卫衣两件透气舒适男女
广州市柒多子贸易有限公司,https://qiduozi.1688.com,qiduozi,¥175.00,7多子品牌童装批发 卡通卫衣童外套 绣花小熊童装卫衣
金牛区澜依服装店,https://kaixins.1688.com,b2b-3908511272aea1f,¥175.12,LUNA 秋季2018新款儿童套装居家出门都可卫衣套装女小童洋气套装
丹阳市开发区凯亚百货商行,https://shop407302l487a81.1688.com,b2b-2200771174463dd841,¥178.56,马克珍妮春装童装男宝宝儿童运动套装婴儿女童卫衣套装82103
沭阳县潼阳镇洪同百货销售中心,https://shop14073981d2109.1688.com,b2b-220073779459316658,¥178.56,马克珍妮女童童装男春装儿童运动套装婴儿宝宝卫衣套装82103
湖州馨宁服饰有限公司,https://shop0559a2o893c26.1688.com,b2b-22005289427720d295,¥180.00,女童卫衣春秋2019新款韩儿童条纹打底衫洋气儿童圆领卫衣批发童装
吴兴织里梦蒂制衣厂,https://shop1x13156754i49.1688.com,b2b-4002345325d52fe,¥180.00,火爆款新款儿童加绒高领冬男女宝卡通小黄鸭保暖卫衣热卖促销
广州市荔湾区龚鸿服饰经营部,https://shop1474908087986.1688.com,b2b-29040395431c219,¥180.00,秋冬季新款男童套装 卫衣配打底裤休闲套装 烫钻潮流印花虎头套装
深圳市龙岗区锦珍基贸易商行,https://shop279029620kq85.1688.com,b2b-22007366742324159a,¥180.60,8大童9男童秋天套装10一套11休闲12卫衣13儿童14秋季衣服男孩15。
润州区贺之海百货商行,https://shop20000q05qh701.1688.com,b2b-4254610705acae3,¥182.70,巴拉拉布比童装男女儿童卫衣两件套装宝宝春装运动洋气卡通猫叮当
深圳市龙岗区索澜非品贸易商行,https://shop38r8957653a37.1688.com,b2b-4184469401e7590,¥184.18,女童秋装套装2018新款儿童装洋气卫衣两件套加绒冬装大童时髦潮衣
北京苇航商贸有限公司,https://shop04c1644932599.1688.com,b2b-3425500179f4606,¥185.00,Babyant高端童装2018秋冬新款男童卫衣中大童老虎绣花撞色帽衫潮
丹阳市开发区安非孙百货商行,https://16816816811111.1688.com,b2b-220071446573968866,¥185.50,marcjanie马克珍妮新款春装女童时尚星星卫衣宝宝套装宝宝82211
刘洪良,https://www.1688.com/company/detail/b2b-22912430478defa.html?fromSite=company_site,b2b-22912430478defa,¥187.00,女童春装套装6岁儿童卫衣三件套5女孩4中小童运动一件代发
临漳县章里集乡珍珍网店,https://shop35642962n2808.1688.com,b2b-220123602168727c06,¥187.56,马克珍妮女童童装男春装儿童运动套装婴儿宝宝卫衣套装82103
江西创联实业有限公司,https://shop303m02162g929.1688.com,b2b-420349952022d18,¥188.00,现货冬季韩版女童装纯色拼色长袖童卫衣
薛丁丁,https://www.1688.com/company/detail/b2b-27826096621f5d8.html?fromSite=company_site,b2b-27826096621f5d8,¥188.00,童装女童春装套装儿童运动春秋小女孩三件套卫衣一件代发
苍南县古哩古服饰厂,https://guligu.1688.com,b2b-38252777234520e,¥189.00,韩版男女童卫衣加绒双面绒18秋冬儿童中大童长袖套头套装一件代发
上海瑞珐服饰有限公司,https://rtwqijiandian.1688.com,b2b-39797902423e6f7,¥191.00,rtw童装2019春季新款男童套头连帽休闲卫衣RKBY83165
润州区坤资营贸易商行,https://shop58p0w469f1823.1688.com,b2b-2201205682036e0872,¥192.40,男童套装春款男孩儿童装卫衣运动三件套潮中大童帅气2019新款韩版
汤景,https://www.1688.com/company/detail/b2b-2588883341c531e.html?fromSite=company_site,b2b-2588883341c531e,¥197.00,女童套装女宝宝运动两件套1-3-5岁小童卫衣套装一件代发
佛山市米儿叮尼服饰有限公司,https://shop089029346p160.1688.com,b2b-4089572281a0fa5,¥200.00,潮Cc童装2018秋季新款儿童套装 女童韩版长袖卫衣
昆山市玉山镇绮丽柒贸易商行,https://shop7c91490941845.1688.com,b2b-2201211475899ab522,¥206.70,童装女童洋气卫衣春季2019新款儿童撞色爱印花连帽亲子装
深圳市光明区百诚电子商务商行,https://shop36558z0076e20.1688.com,b2b-4287561910c9250,¥207.24,童装男童秋冬装套装2018新款儿童中大童加绒加厚金丝绒卫衣三件套
润州区班之年百货商行,https://shop4k188337k9255.1688.com,b2b-2200771924068198fd,¥208.32,2019春款长袖卫衣套装男童酷运动连帽两件套童装
戴建斌,https://qddaijianbin.1688.com,qddaijianbin,¥213.00,特价批发 外贸童装 日单M儿童装拉绒 连帽卫衣 男女童针织卫衣
昆山市玉山镇金甬洲贸易商行,https://shop12765515d0858.1688.com,b2b-2201211880371e1136,¥214.65,童装女童洋气卫衣春季2019新款儿童撞色爱印花连帽亲子装
昆山市玉山镇暮拖博百货商行,https://shop34b7e9286s696.1688.com,b2b-220077101614913e84,¥215.40,珍妮马克春装新款男女童儿童洋气套装宝宝连帽卫衣两件套潮16973
汤景,https://www.1688.com/company/detail/b2b-2225152765.html?fromSite=company_site,b2b-2225152765,¥218.00,3儿童装4男童秋冬装套装8加厚5卫衣三件套9加绒一件代发
刘洪良,https://www.1688.com/company/detail/b2b-1903900446.html?fromSite=company_site,b2b-1903900446,¥218.00,春装套装中大童韩版小孩卫衣休闲运动两件套一件代发
湖州织里昕柠童装商行,https://feixiangtianshi.1688.com,b2b-2883077048a07c6,¥219.00,2018新款韩版童装加绒儿童冬季加厚大童卫衣运动女童棉三件套代发
润州区明易梅贸易商行,https://shop9lm1130524l69.1688.com,b2b-220111172214885194,¥219.70,童装女童卫衣春季2019新款连帽撞色中大童宽松长袖亲子装潮
丹阳市开发区清畅腾百货商行,https://shop815k990k41315.1688.com,b2b-220079055774821f06,¥219.80,男童春秋装2019新款中大纯棉卫衣套装休闲童儿童运动套头2件套
沭阳县潼阳镇安雅百货销售中心,https://shop469q451018746.1688.com,b2b-2200738074223cb572,¥219.80,珍妮马克春装新款男女童儿童洋气套装宝宝连帽卫衣两件套潮16973
润州区举之间百货商行,https://shop183030105y8n3.1688.com,b2b-2200773070189d438a,¥221.00,"童装祝您秒发!卫衣亲子装!现货:“大手拉小手,幸福伴""!"
深圳市光明区盈耀旺贸易商行,https://yingyaowang.1688.com,b2b-42739194524f2c6,¥226.00,3儿童2女童5秋冬装2018新款6男童4女宝宝卫衣三件套装加厚加绒8岁
深圳市南山区光年若枫百货商行,https://shop589sx5x070482.1688.com,b2b-4211577439e4257,¥226.00,女童冬装套装2018新款0-1-2-3-4-8岁宝宝加绒卫衣三件套秋冬洋气5
黄兆燕,https://www.1688.com/company/detail/b2b-2928663674391d5.html?fromSite=company_site,b2b-2928663674391d5,¥226.00,运动套装2儿童4棒球服6宝宝卫衣三件套3岁5岁一件代发
深圳市龙岗区迪力凯瑞电子商行,https://shop241026yj8f156.1688.com,b2b-220080246655935ad2,¥226.38,童装秋冬儿童套装2018新款男小童外出服韩版加厚卫衣女宝宝三件套
刘雪飞,https://www.1688.com/company/detail/sikanong.html?fromSite=company_site,sikanong,¥227.00,秋装新款中大童运动套装长袖纯棉宽松休闲卫衣两件套
周口博瑞商贸有限公司,https://shop5375784381719.1688.com,b2b-220080935017716b38,¥229.19,宝宝加绒加厚套装韩版童装婴儿衣服男女童洋气运动卫衣卫裤两件套
龙口市东莱益辉电子商务服务中心,https://shop1168021209k75.1688.com,b2b-22005405532639463f,¥229.19,宝宝加绒加厚套装韩版童装婴儿衣服男女童洋气运动卫衣卫裤两件套
深圳市龙岗区恋花儿服饰商行,https://lianhuaer.1688.com,b2b-2169665056,¥239.50,2018冬装新款女童卫衣儿童中领加绒洋气上衣外套中大童冬季保暖潮
广州斌遂贸易有限公司,https://shop15c44858956r9.1688.com,b2b-22012754740808355a,¥243.80,春季女童新款2019童装套装常规童连帽卫衣春秋时尚亲子装潮
杭州祺昀服饰有限公司,https://shop1487005679507.1688.com,b2b-30748247001c6fc,¥258.00,淘工厂童装加工定制t恤连衣裙半裙T恤印花刺绣衬衫卫衣雪纺衫POLO
西安市未央区盛盛德商贸店,https://shop0775n70354732.1688.com,b2b-22012092525005d0aa,¥258.70,童装女童套装2019春季新款中大童连帽卫衣长裤时尚亲子装潮
荣成市王连润浩晶贸易商行,https://shop3a50092853109.1688.com,b2b-2200572332660708ef,¥274.41,^童装男童秋冬装套装2018新款儿童加厚童加绒中大金丝绒卫衣三件
深圳宇森英伦服饰有限公司,https://shop66227887y9p42.1688.com,b2b-42429595541c7fa,¥299.00,现货女童藏青色字母卫衣百搭潮流
福建省南平市新华安制衣有限公司,https://xinhuaan.1688.com,b2b-3720180914e2f42,¥300.00,童装2019年春季童套装两件套男女卫衣孩子的衣服儿童套装一件代发
昆山市玉山镇拉托斯贸易商行,https://shop5042f6790k766.1688.com,b2b-2201211891226ff6ab,¥358.80,童装女童套装亲子装2019春季新款中大童卫衣半身裙两件套潮
汤玉舫,https://www.1688.com/company/detail/b2b-28163722579ed3e.html?fromSite=company_site,b2b-28163722579ed3e,¥368.00,冬女童运动套装加厚宝宝金丝绒卫衣两件套一件代发
石狮市赫凯服装厂,https://shop1410972343213.1688.com,b2b-2243256794,¥372.00,童装男童套装秋装2017新款中大童运动两件套春秋休闲儿童卫衣
杭州淘顶电子商务有限公司,https://sangongzhu.1688.com,b2b-3845650632dd06c,¥500.00,韩版童装秋季新品儿童打底衫女童T恤纯棉长袖时尚洋气卫衣秋衣厚
即墨区刘紫喧服装厂,https://shop7881g18pw8732.1688.com,b2b-39179821131568a,¥500.00,2018秋冬新款 宝宝超柔企鹅印花打底衫 儿童纯棉珍珠绒加厚卫衣
温州小火车服饰有限公司,https://wzxhc4.1688.com,b2b-1777272706,¥888.00,童装女宝宝2019夏装长袖ins女童连帽卫衣宽松洋气儿童套头上衣
